{"stats":{"minecraft:used":{"chococraft:gysahl_green":14},"minecraft:mined":{"chococraft:gysahl_green":11},"minecraft:picked_up":{"minecraft:stick":1,"chococraft:gysahl_green_seeds":11,"chococraft:gysahl_green":27,"chococraft:gold_gysahl":2},"minecraft:custom":{"minecraft:jump":37,"minecraft:time_since_rest":2899,"minecraft:damage_dealt":63,"minecraft:crouch_one_cm":98,"minecraft:sprint_one_cm":3817,"minecraft:play_time":2899,"minecraft:damage_taken":242,"minecraft:time_since_death":2899,"minecraft:walk_one_cm":14439,"minecraft:sneak_time":11,"minecraft:total_world_time":2899,"minecraft:interact_with_crafting_table":1,"minecraft:fall_one_cm":1124,"minecraft:fly_one_cm":3126}},"DataVersion":3465}