{"stats":{"minecraft:used":{"minecraft:cooked_mutton":3,"minecraft:bread":3,"minecraft:birch_boat":2,"easy_hammers:stone_hammer":6,"minecraft:torch":1,"minecraft:purple_bed":1,"minecraft:sweet_berries":51,"chococraft:gysahl_green":27,"minecraft:oak_boat":1},"minecraft:mined":{"minecraft:large_fern":3,"minecraft:purple_bed":2,"minecraft:sweet_berry_bush":42,"minecraft:dandelion":1,"dynamictrees:spruce_leaves":1,"minecraft:torch":2,"minecraft:grass":3,"minecraft:coal_ore":5,"chococraft:gysahl_green":11,"botania:brown_double_flower":1,"minecraft:sand":4,"minecraft:stone":1,"minecraft:blue_bed":1,"minecraft:fern":2},"minecraft:killed":{"minecraft:sheep":2,"minecraft:salmon":1,"minecraft:cow":1},"minecraft:picked_up":{"minecraft:birch_log":3,"minecraft:stick":9,"botania:brown_double_flower":1,"minecraft:birch_boat":2,"minecraft:sweet_berries":120,"minecraft:salmon":2,"minecraft:leather":1,"minecraft:torch":4,"chococraft:gysahl_green_seeds":11,"minecraft:blue_bed":1,"minecraft:cooked_mutton":3,"minecraft:purple_bed":2,"chococraft:gysahl_green":27,"chococraft:gold_gysahl":2,"minecraft:wheat_seeds":1,"minecraft:granite":5,"easy_hammers:stone_hammer":1,"minecraft:beef":1,"dynamictrees:birch_seed":2,"minecraft:oak_boat":1,"minecraft:bone_meal":2,"minecraft:coal":16,"minecraft:mutton":3,"minecraft:white_wool":3,"minecraft:cobblestone":16},"minecraft:crafted":{"minecraft:crafting_table":1,"minecraft:birch_boat":1,"minecraft:birch_planks":12},"minecraft:custom":{"minecraft:time_since_rest":11820,"minecraft:sprint_one_cm":192162,"minecraft:damage_taken":877,"minecraft:walk_one_cm":120837,"minecraft:mob_kills":4,"minecraft:damage_dealt":511,"minecraft:talked_to_villager":2,"minecraft:swim_one_cm":28840,"minecraft:interact_with_crafting_table":2,"minecraft:fly_one_cm":127347,"minecraft:open_chest":5,"minecraft:crouch_one_cm":98,"minecraft:play_time":38757,"minecraft:interact_with_campfire":3,"minecraft:sneak_time":11,"minecraft:walk_under_water_one_cm":4808,"minecraft:boat_one_cm":107815,"minecraft:jump":799,"minecraft:leave_game":1,"minecraft:time_since_death":38757,"minecraft:walk_on_water_one_cm":13657,"minecraft:sleep_in_bed":1,"minecraft:climb_one_cm":592,"minecraft:total_world_time":38757,"minecraft:fall_one_cm":17601}},"DataVersion":3465}