{"stats":{"minecraft:used":{"minecraft:sweet_berries":24,"chococraft:gysahl_green":27},"minecraft:mined":{"minecraft:large_fern":3,"minecraft:grass":3,"chococraft:gysahl_green":11,"minecraft:sweet_berry_bush":40,"minecraft:dandelion":1,"minecraft:fern":1},"minecraft:killed":{"minecraft:sheep":1,"minecraft:cow":1},"minecraft:picked_up":{"minecraft:birch_log":3,"minecraft:stick":9,"minecraft:sweet_berries":114,"chococraft:gysahl_green":27,"minecraft:salmon":1,"chococraft:gold_gysahl":2,"minecraft:leather":1,"minecraft:wheat_seeds":1,"minecraft:beef":1,"dynamictrees:birch_seed":2,"minecraft:oak_boat":1,"chococraft:gysahl_green_seeds":11,"minecraft:mutton":2,"minecraft:white_wool":1},"minecraft:crafted":{"minecraft:birch_planks":12},"minecraft:custom":{"minecraft:time_since_rest":14899,"minecraft:crouch_one_cm":98,"minecraft:play_time":14899,"minecraft:sprint_one_cm":47816,"minecraft:damage_taken":687,"minecraft:walk_one_cm":59617,"minecraft:sneak_time":11,"minecraft:walk_under_water_one_cm":1680,"minecraft:mob_kills":2,"minecraft:boat_one_cm":29110,"minecraft:jump":223,"minecraft:damage_dealt":309,"minecraft:walk_on_water_one_cm":3962,"minecraft:time_since_death":14899,"minecraft:total_world_time":14899,"minecraft:climb_one_cm":402,"minecraft:swim_one_cm":6269,"minecraft:interact_with_crafting_table":1,"minecraft:fall_one_cm":4278,"minecraft:fly_one_cm":20181}},"DataVersion":3465}