{"stats":{"minecraft:used":{"minecraft:cooked_mutton":3,"minecraft:purple_bed":1,"minecraft:sweet_berries":40,"chococraft:gysahl_green":27,"minecraft:oak_boat":1},"minecraft:mined":{"minecraft:large_fern":3,"minecraft:purple_bed":1,"minecraft:sweet_berry_bush":42,"minecraft:dandelion":1,"dynamictrees:spruce_leaves":1,"minecraft:grass":3,"chococraft:gysahl_green":11,"botania:brown_double_flower":1,"minecraft:sand":4,"minecraft:blue_bed":1,"minecraft:fern":2},"minecraft:killed":{"minecraft:sheep":2,"minecraft:salmon":1,"minecraft:cow":1},"minecraft:picked_up":{"minecraft:birch_log":3,"minecraft:stick":9,"botania:brown_double_flower":1,"minecraft:sweet_berries":120,"minecraft:salmon":2,"minecraft:leather":1,"chococraft:gysahl_green_seeds":11,"minecraft:blue_bed":1,"minecraft:cooked_mutton":3,"minecraft:purple_bed":1,"chococraft:gysahl_green":27,"chococraft:gold_gysahl":2,"minecraft:wheat_seeds":1,"minecraft:beef":1,"dynamictrees:birch_seed":2,"minecraft:oak_boat":1,"minecraft:bone_meal":2,"minecraft:mutton":3,"minecraft:white_wool":3},"minecraft:crafted":{"minecraft:birch_planks":12},"minecraft:custom":{"minecraft:time_since_rest":0,"minecraft:sprint_one_cm":113274,"minecraft:damage_taken":827,"minecraft:walk_one_cm":91662,"minecraft:mob_kills":4,"minecraft:damage_dealt":511,"minecraft:talked_to_villager":2,"minecraft:swim_one_cm":28840,"minecraft:interact_with_crafting_table":1,"minecraft:fly_one_cm":73016,"minecraft:crouch_one_cm":98,"minecraft:play_time":26899,"minecraft:interact_with_campfire":3,"minecraft:sneak_time":11,"minecraft:walk_under_water_one_cm":4039,"minecraft:boat_one_cm":49630,"minecraft:jump":513,"minecraft:time_since_death":26899,"minecraft:walk_on_water_one_cm":12596,"minecraft:sleep_in_bed":1,"minecraft:climb_one_cm":402,"minecraft:total_world_time":26899,"minecraft:fall_one_cm":9932}},"DataVersion":3465}