{"stats":{"minecraft:dropped":{"minecraft:birch_planks":1,"minecraft:wheat_seeds":3,"minecraft:cobblestone":1,"tombstone:grave_key":1,"minecraft:arrow":2,"minecraft:wooden_pickaxe":1,"minecraft:dandelion":2},"minecraft:used":{"minecraft:stone_sword":32,"minecraft:wooden_pickaxe":9,"minecraft:salmon":1,"minecraft:crafting_table":3,"minecraft:white_bed":1,"minecraft:ender_eye":9,"minecraft:stone_axe":6,"minecraft:beef":1,"chococraft:gysahl_green":5,"minecraft:oak_boat":2},"minecraft:mined":{"botania:green_mystical_flower":4,"botania:orange_mystical_flower":1,"minecraft:white_bed":1,"minecraft:crafting_table":2,"minecraft:grass_block":3,"botania:blue_mystical_flower":3,"botania:white_double_flower":1,"botania:light_gray_mystical_flower":4,"botania:black_mystical_flower":4,"minecraft:large_fern":1,"botania:pink_mystical_flower":12,"botania:cyan_mystical_flower":7,"minecraft:grass":6,"chococraft:gysahl_green":3,"botania:white_mystical_flower":5,"minecraft:dirt":9,"botania:gray_mystical_flower":1,"minecraft:stone":9,"botania:light_blue_double_flower":1,"botania:light_blue_mystical_flower":3,"minecraft:fern":1},"minecraft:killed":{"minecraft:zombie_villager":1,"minecraft:salmon":2,"minecraft:rabbit":2,"minecraft:spider":2,"minecraft:sheep":5,"minecraft:skeleton":1,"minecraft:zombie":1,"minecraft:cow":2},"minecraft:picked_up":{"minecraft:birch_log":2,"chococraft:loverly_gysahl_green":1,"minecraft:crafting_table":2,"minecraft:salmon":1,"minecraft:leather":4,"dynamictrees:spruce_seed":1,"minecraft:oak_log":6,"tombstone:grave_key":1,"botania:light_blue_double_flower":1,"minecraft:dirt":12,"minecraft:string":1,"botania:light_blue_mystical_flower":3,"botania:black_mystical_flower":4,"botania:white_double_flower":1,"minecraft:bone":1,"chococraft:gysahl_green":5,"botania:cyan_mystical_flower":7,"botania:pink_mystical_flower":12,"minecraft:wheat_seeds":5,"minecraft:rabbit_hide":2,"minecraft:beef":6,"minecraft:oak_boat":1,"dynamictrees:oak_seed":2,"minecraft:rabbit":2,"botania:gray_mystical_flower":1,"minecraft:stick":25,"minecraft:dandelion":2,"chococraft:gysahl_green_seeds":3,"minecraft:white_bed":1,"minecraft:spruce_log":8,"botania:white_mystical_flower":5,"minecraft:arrow":2,"minecraft:rotten_flesh":2,"botania:light_gray_mystical_flower":4,"botania:blue_mystical_flower":3,"minecraft:gray_wool":1,"botania:green_mystical_flower":4,"minecraft:mutton":6,"minecraft:white_wool":4,"minecraft:cobblestone":10},"minecraft:crafted":{"minecraft:oak_planks":24,"minecraft:crafting_table":2,"minecraft:wooden_pickaxe":1,"minecraft:birch_planks":8,"minecraft:stone_axe":1,"minecraft:oak_boat":1,"minecraft:stone_pickaxe":1,"minecraft:stone_sword":1,"minecraft:white_bed":1},"minecraft:custom":{"minecraft:mob_kills":16,"minecraft:interact_with_crafting_table":4,"minecraft:leave_game":1,"minecraft:time_since_death":13744,"minecraft:sleep_in_bed":1,"minecraft:time_since_rest":1101,"minecraft:sprint_one_cm":28621,"minecraft:walk_one_cm":62990,"minecraft:damage_taken":1803,"minecraft:drop":9,"minecraft:damage_dealt":1722,"minecraft:swim_one_cm":1698,"minecraft:fly_one_cm":46365,"minecraft:crouch_one_cm":5,"minecraft:play_time":21847,"tombstone:undead_killed":3,"minecraft:deaths":3,"minecraft:sneak_time":353,"minecraft:walk_under_water_one_cm":5351,"minecraft:boat_one_cm":33997,"minecraft:jump":323,"minecraft:walk_on_water_one_cm":1177,"minecraft:total_world_time":21847,"minecraft:fall_one_cm":14048}},"DataVersion":3465}