{"stats":{"minecraft:dropped":{"minecraft:wheat_seeds":1,"tombstone:grave_key":1},"minecraft:used":{"minecraft:ender_eye":9,"minecraft:crafting_table":1},"minecraft:mined":{"minecraft:grass_block":3,"minecraft:grass":2,"minecraft:dirt":7,"botania:gray_mystical_flower":1},"minecraft:killed":{"minecraft:zombie_villager":1},"minecraft:picked_up":{"minecraft:birch_log":2,"chococraft:loverly_gysahl_green":1,"minecraft:stick":7,"minecraft:rotten_flesh":2,"minecraft:wheat_seeds":1,"botania:gray_mystical_flower":1,"minecraft:dirt":10},"minecraft:crafted":{"minecraft:birch_planks":8,"minecraft:crafting_table":1,"minecraft:wooden_pickaxe":1},"minecraft:custom":{"minecraft:time_since_rest":1458,"tombstone:undead_killed":1,"minecraft:crouch_one_cm":5,"minecraft:deaths":3,"minecraft:play_time":9847,"minecraft:sprint_one_cm":8250,"minecraft:damage_taken":1033,"minecraft:walk_one_cm":11007,"minecraft:sneak_time":334,"minecraft:mob_kills":1,"minecraft:drop":2,"minecraft:jump":93,"minecraft:damage_dealt":326,"minecraft:leave_game":1,"minecraft:time_since_death":1744,"minecraft:total_world_time":9847,"minecraft:interact_with_crafting_table":1,"minecraft:fall_one_cm":7977,"minecraft:fly_one_cm":23269}},"DataVersion":3465}