{"stats":{"minecraft:dropped":{"minecraft:birch_planks":1,"minecraft:wheat_seeds":7,"minecraft:wheat":1,"minecraft:cobblestone":1,"chococraft:gysahl_green_seeds":3,"dynamictrees:spruce_seed":1,"tombstone:grave_key":1,"minecraft:arrow":2,"minecraft:wooden_pickaxe":1,"minecraft:string":1,"minecraft:dandelion":2},"minecraft:used":{"minecraft:cooked_mutton":2,"minecraft:wheat_seeds":1,"minecraft:stone_sword":75,"minecraft:stone_pickaxe":15,"minecraft:wooden_pickaxe":9,"minecraft:salmon":1,"minecraft:mutton":1,"minecraft:crafting_table":4,"minecraft:white_bed":1,"minecraft:ender_eye":9,"minecraft:light_gray_wool":1,"minecraft:stone_axe":12,"minecraft:beef":11,"chococraft:gysahl_green":5,"minecraft:oak_boat":2},"minecraft:mined":{"botania:green_mystical_flower":4,"botania:orange_mystical_flower":1,"minecraft:white_bed":1,"minecraft:crafting_table":3,"minecraft:grass_block":3,"botania:brown_double_flower":2,"botania:cyan_double_flower":1,"botania:blue_mystical_flower":6,"minecraft:sugar_cane":4,"botania:white_double_flower":1,"botania:light_gray_mystical_flower":4,"botania:black_mystical_flower":4,"minecraft:large_fern":1,"botania:pink_mystical_flower":12,"botania:cyan_mystical_flower":10,"minecraft:purple_bed":1,"botania:magenta_mystical_flower":12,"minecraft:iron_ore":1,"minecraft:wheat":1,"dynamictrees:spruce_leaves":1,"minecraft:coal_ore":14,"minecraft:grass":6,"chococraft:gysahl_green":3,"botania:white_mystical_flower":5,"botania:gray_double_flower":1,"minecraft:dirt":9,"botania:gray_mystical_flower":3,"botania:brown_mystical_flower":1,"minecraft:stone":9,"botania:light_blue_double_flower":2,"botania:light_blue_mystical_flower":20,"minecraft:fern":3},"minecraft:killed":{"minecraft:zombie_villager":1,"minecraft:salmon":2,"minecraft:rabbit":2,"minecraft:spider":2,"minecraft:sheep":16,"minecraft:skeleton":2,"minecraft:zombie":1,"farlanders:wanderer":1,"minecraft:cow":6},"minecraft:picked_up":{"minecraft:birch_log":2,"chococraft:loverly_gysahl_green":1,"minecraft:crafting_table":3,"minecraft:cooked_beef":5,"minecraft:salmon":1,"minecraft:leather":5,"dynamictrees:spruce_seed":1,"minecraft:oak_log":6,"tombstone:grave_key":1,"botania:light_blue_double_flower":1,"minecraft:dirt":12,"minecraft:string":1,"botania:light_blue_mystical_flower":3,"botania:black_mystical_flower":4,"botania:white_double_flower":1,"minecraft:cooked_mutton":3,"minecraft:bone":1,"chococraft:gysahl_green":5,"botania:cyan_mystical_flower":7,"botania:pink_mystical_flower":12,"minecraft:wheat_seeds":5,"minecraft:rabbit_hide":2,"minecraft:beef":16,"minecraft:oak_boat":1,"dynamictrees:oak_seed":2,"minecraft:light_gray_wool":1,"minecraft:rabbit":2,"minecraft:sugar_cane":6,"botania:gray_mystical_flower":1,"minecraft:raw_iron":1,"minecraft:stick":25,"minecraft:dandelion":2,"chococraft:gysahl_green_seeds":3,"minecraft:white_bed":1,"minecraft:spruce_log":8,"botania:white_mystical_flower":5,"minecraft:purple_bed":1,"minecraft:arrow":4,"minecraft:rotten_flesh":2,"botania:light_gray_mystical_flower":4,"botania:blue_mystical_flower":3,"minecraft:gray_wool":1,"minecraft:coal":14,"botania:green_mystical_flower":4,"minecraft:mutton":22,"minecraft:white_wool":14,"minecraft:cobblestone":10},"minecraft:crafted":{"botania:pink_petal":2,"minecraft:oak_planks":24,"minecraft:crafting_table":2,"minecraft:wooden_pickaxe":1,"minecraft:birch_planks":8,"minecraft:stone_axe":1,"minecraft:oak_boat":1,"minecraft:stick":4,"botania:flower_bag":1,"minecraft:stone_pickaxe":1,"minecraft:stone_sword":1,"minecraft:white_bed":1,"minecraft:torch":4},"minecraft:custom":{"minecraft:mob_kills":33,"minecraft:interact_with_crafting_table":7,"minecraft:interact_with_campfire":8,"minecraft:leave_game":1,"minecraft:time_since_death":25744,"minecraft:sleep_in_bed":1,"minecraft:time_since_rest":13101,"minecraft:sprint_one_cm":99852,"minecraft:walk_one_cm":102988,"minecraft:damage_taken":1978,"minecraft:drop":14,"minecraft:damage_dealt":3299,"minecraft:swim_one_cm":7271,"minecraft:fly_one_cm":112769,"minecraft:crouch_one_cm":377,"minecraft:play_time":33847,"tombstone:undead_killed":4,"minecraft:deaths":3,"minecraft:sneak_time":528,"minecraft:walk_under_water_one_cm":5531,"minecraft:boat_one_cm":33997,"tombstone:villager_killed":1,"minecraft:jump":645,"minecraft:walk_on_water_one_cm":2046,"minecraft:total_world_time":33847,"minecraft:fall_one_cm":19157}},"DataVersion":3465}