{"stats":{"minecraft:crafted":{"botania:pink_petal":2,"easy_hammers:iron_hammer":1,"minecraft:oak_planks":24,"minecraft:crafting_table":2,"minecraft:wooden_pickaxe":1,"easy_hammers:stone_hammer":1,"minecraft:birch_planks":8,"minecraft:stone_axe":1,"minecraft:oak_boat":2,"minecraft:book":2,"minecraft:paper":6,"minecraft:stick":4,"botania:flower_bag":1,"minecraft:stone_pickaxe":1,"minecraft:stone_sword":1,"minecraft:white_bed":1,"minecraft:torch":4},"minecraft:picked_up":{"minecraft:birch_log":12,"minecraft:crafting_table":7,"chococraft:loverly_gysahl_green":1,"minecraft:cooked_beef":5,"minecraft:salmon":1,"minecraft:leather":6,"minecraft:oak_log":27,"tombstone:grave_key":1,"botania:light_blue_double_flower":1,"minecraft:cornflower":1,"minecraft:string":1,"minecraft:dirt":14,"botania:light_blue_mystical_flower":3,"botania:black_mystical_flower":4,"botania:white_double_flower":1,"minecraft:cooked_mutton":3,"minecraft:bone":1,"chococraft:gysahl_green":5,"botania:cyan_mystical_flower":8,"minecraft:stone_bricks":2,"minecraft:wheat_seeds":7,"botania:pink_mystical_flower":14,"minecraft:rabbit_hide":2,"minecraft:iron_ingot":5,"minecraft:beef":22,"minecraft:oak_boat":3,"minecraft:light_gray_wool":1,"minecraft:rabbit":2,"minecraft:sugar_cane":6,"minecraft:birch_sapling":4,"botania:gray_mystical_flower":1,"minecraft:stick":34,"minecraft:raw_iron":3,"minecraft:torch":1,"minecraft:dandelion":2,"chococraft:gysahl_green_seeds":3,"minecraft:white_bed":2,"minecraft:spruce_log":8,"minecraft:lily_of_the_valley":1,"botania:white_mystical_flower":5,"minecraft:arrow":4,"minecraft:purple_bed":1,"minecraft:rotten_flesh":5,"botania:light_gray_mystical_flower":4,"botania:blue_mystical_flower":3,"minecraft:gray_wool":1,"minecraft:oak_sapling":6,"botania:green_mystical_flower":4,"minecraft:mutton":26,"minecraft:coal":38,"minecraft:white_wool":16,"minecraft:cobblestone":135},"minecraft:mined":{"botania:green_mystical_flower":15,"minecraft:white_bed":2,"botania:orange_mystical_flower":9,"minecraft:lily_of_the_valley":1,"botania:red_mystical_flower":6,"botania:purple_double_flower":2,"minecraft:cornflower":1,"minecraft:crafting_table":7,"minecraft:torch":1,"minecraft:grass_block":5,"botania:brown_double_flower":4,"botania:cyan_double_flower":1,"minecraft:tall_grass":5,"botania:blue_mystical_flower":26,"minecraft:sugar_cane":4,"botania:white_double_flower":1,"botania:light_gray_mystical_flower":13,"botania:black_mystical_flower":4,"minecraft:large_fern":1,"botania:pink_mystical_flower":21,"botania:cyan_mystical_flower":17,"minecraft:purple_bed":1,"botania:purple_mystical_flower":7,"botania:magenta_mystical_flower":21,"minecraft:birch_log":10,"minecraft:iron_ore":3,"minecraft:wheat":1,"botania:yellow_mystical_flower":2,"minecraft:oak_log":21,"minecraft:grass":19,"chococraft:gysahl_green":3,"botania:white_mystical_flower":16,"minecraft:coal_ore":18,"botania:gray_double_flower":1,"minecraft:dirt":9,"botania:gray_mystical_flower":12,"botania:brown_mystical_flower":4,"minecraft:stone":25,"botania:light_blue_double_flower":2,"minecraft:stone_bricks":2,"botania:light_blue_mystical_flower":28,"minecraft:oak_leaves":4,"minecraft:fern":3},"minecraft:used":{"minecraft:cooked_mutton":3,"minecraft:wheat_seeds":1,"minecraft:stone_sword":114,"minecraft:stone_pickaxe":22,"minecraft:wooden_pickaxe":9,"easy_hammers:stone_hammer":2,"minecraft:torch":4,"minecraft:salmon":1,"minecraft:dirt":3,"minecraft:lily_of_the_valley":1,"minecraft:mutton":1,"minecraft:crafting_table":8,"minecraft:white_bed":2,"minecraft:cornflower":1,"minecraft:ender_eye":9,"easy_hammers:iron_hammer":17,"minecraft:stone_bricks":2,"minecraft:light_gray_wool":1,"minecraft:stone_axe":53,"minecraft:cobblestone":8,"minecraft:beef":11,"minecraft:oak_boat":4,"chococraft:gysahl_green":5,"minecraft:cooked_beef":5},"minecraft:dropped":{"minecraft:birch_planks":1,"minecraft:wheat_seeds":9,"minecraft:rotten_flesh":2,"minecraft:wheat":1,"easy_hammers:stone_hammer":1,"minecraft:cobblestone":1,"chococraft:gysahl_green_seeds":3,"minecraft:torch":1,"tombstone:grave_key":1,"minecraft:oak_sapling":6,"minecraft:arrow":2,"minecraft:wooden_pickaxe":1,"minecraft:string":1,"minecraft:dandelion":2},"minecraft:custom":{"minecraft:mob_kills":42,"minecraft:open_barrel":1,"minecraft:interact_with_crafting_table":14,"minecraft:interact_with_campfire":8,"minecraft:leave_game":1,"minecraft:time_since_death":54473,"minecraft:sleep_in_bed":2,"minecraft:time_since_rest":12441,"minecraft:sprint_one_cm":247889,"minecraft:damage_taken":2143,"minecraft:walk_one_cm":172786,"minecraft:drop":21,"minecraft:damage_dealt":5369,"minecraft:swim_one_cm":8863,"minecraft:talked_to_villager":1,"minecraft:fly_one_cm":290366,"minecraft:open_chest":1,"minecraft:play_time":62576,"minecraft:crouch_one_cm":389,"minecraft:sneak_time":530,"tombstone:undead_killed":6,"minecraft:deaths":3,"minecraft:walk_under_water_one_cm":5709,"minecraft:boat_one_cm":90607,"tombstone:villager_killed":2,"minecraft:jump":1508,"minecraft:walk_on_water_one_cm":2661,"minecraft:total_world_time":62576,"minecraft:fall_one_cm":40458},"minecraft:killed":{"minecraft:zombie_villager":1,"minecraft:salmon":2,"minecraft:rabbit":2,"minecraft:spider":2,"minecraft:iron_golem":1,"minecraft:skeleton":2,"minecraft:sheep":18,"minecraft:zombie":3,"farlanders:mystic_enderminion":1,"farlanders:wanderer":2,"minecraft:cow":8}},"DataVersion":3465}